{
    "avg_prec": {
        "train": 0.9999999999999998,
        "test": 0.752666018292785
    },
    "roc_auc": {
        "train": 1.0,
        "test": 0.9426778894864001
    }
}
