{
    "avg_prec": {
        "train": 1.0,
        "test": 0.7453726293511195
    },
    "roc_auc": {
        "train": 1.0,
        "test": 0.9427558257345492
    }
}
