{
    "avg_prec": {
        "train": 0.9999999999999999,
        "test": 0.739970936859573
    },
    "roc_auc": {
        "train": 1.0,
        "test": 0.9410022601511964
    }
}
