{
    "avg_prec": {
        "train": 0.9999999999999998,
        "test": 0.6385622339276754
    },
    "roc_auc": {
        "train": 1.0,
        "test": 0.9093455241950056
    }
}
